{"ch_nmse": 0.10068946331739426, "_timestamp": 1754552521.6056924, "_runtime": 57.06706142425537, "_step": 37, "_wandb": {"runtime": 56}}