{"loss": 0.01490616425871849, "ch_nmse": 0.01490616425871849, "_timestamp": 1754716247.9171684, "_runtime": 159061.19928646088, "_step": 999990, "_wandb": {"runtime": 159062}}