{"_runtime":20.3164842,"_step":0,"_wandb":{"runtime":29},"ch_nmse":1.8616607189178467,"_timestamp":1.755100007895795e+09}