{"ch_nmse": 0.06546071171760559, "_timestamp": 1754552399.065947, "_runtime": 370.0991451740265, "_step": 302, "estimation": {"_type": "image-file", "sha256": "ac5c78e21a37588122cdaff62b45e0958f7cc7b7a67e00ede731ce988a0d872f", "size": 279175, "path": "media/images/estimation_302_ac5c78e21a37588122cd.png", "format": "png", "width": 1000, "height": 1200}, "_wandb": {"runtime": 369}}