{"ch_nmse": 0.04147883504629135, "_timestamp": 1755153599.0837998, "_runtime": 148.90719389915466, "_step": 24, "estimation": {"_type": "image-file", "sha256": "4387fed7a2af8860cf76e197949cb44eb55cd55c2754d24d97cbcef38e8cf091", "size": 298714, "path": "media/images/estimation_24_4387fed7a2af8860cf76.png", "format": "png", "width": 1000, "height": 1200}, "_wandb": {"runtime": 148}}