{"ch_nmse": 0.06485255807638168, "_timestamp": 1754549306.3932676, "_runtime": 397.6282935142517, "_step": 302, "estimation": {"_type": "image-file", "sha256": "312551c7b00c6b65006f9b07b5e1bdb86588ec3170dbbb6240df548492954a45", "size": 229208, "path": "media/images/estimation_302_312551c7b00c6b65006f.png", "format": "png", "width": 1000, "height": 1200}, "_wandb": {"runtime": 397}}