{"ch_nmse": 0.07625962793827057, "_timestamp": 1754545882.4611523, "_runtime": 124.66343235969543, "_step": 100, "estimation": {"_type": "image-file", "sha256": "19f68dfbf5126a2ca7beacf7d957bf7156f3f97426f9386cffcb367018049c80", "size": 257677, "path": "media/images/estimation_100_19f68dfbf5126a2ca7be.png", "format": "png", "width": 1000, "height": 1200}, "_wandb": {"runtime": 124}}