{"ch_nmse":1.897001028060913,"_timestamp":1.7550950301467676e+09,"_runtime":21.0614785,"_step":0,"_wandb":{"runtime":25}}