{"ch_nmse": 0.06565068662166595, "_timestamp": 1754553128.600363, "_runtime": 129.39969897270203, "_step": 100, "estimation": {"_type": "image-file", "sha256": "29dba74ac1b5a27fcaf655c90ff846e7c5459530533dc761ad31a62cf84b7e24", "size": 319553, "path": "media/images/estimation_100_29dba74ac1b5a27fcaf6.png", "format": "png", "width": 1000, "height": 1200}, "_wandb": {"runtime": 128}}