{"ch_nmse": 0.05369944870471954, "_timestamp": 1755153594.7690217, "_runtime": 150.48105263710022, "_step": 24, "estimation": {"_type": "image-file", "sha256": "b6a886de5eaf0e121aad546d10fe2f6e968e94509318bf7cc01bbe98e7966072", "size": 325468, "path": "media/images/estimation_24_b6a886de5eaf0e121aad.png", "format": "png", "width": 1000, "height": 1200}, "_wandb": {"runtime": 149}}