{"ch_nmse": 0.9167938828468323, "_timestamp": 1755071529.3726933, "_runtime": 142.6750783920288, "_step": 100, "estimation": {"_type": "image-file", "sha256": "9182075abc63f7a3fa2fddf6d85228205056a1c4e23c4cb5164d7b904510e0c6", "size": 221952, "path": "media/images/estimation_100_9182075abc63f7a3fa2f.png", "format": "png", "width": 1000, "height": 1200}, "_wandb": {"runtime": 141}}