{"ch_nmse": 0.6674402356147766, "_timestamp": 1755071898.3072083, "_runtime": 121.32074522972107, "_step": 100, "estimation": {"_type": "image-file", "sha256": "49cd255094d4477529d0800b493f1c9362df4b2c52903e5c7c5a4c3589d8240b", "size": 256402, "path": "media/images/estimation_100_49cd255094d4477529d0.png", "format": "png", "width": 1000, "height": 1200}, "_wandb": {"runtime": 120}}