{"ch_nmse": 0.05085621029138565, "_timestamp": 1754554420.8265054, "_runtime": 252.33034753799438, "_step": 201, "estimation": {"_type": "image-file", "sha256": "664d627a37b24a21a87ef33cdf6fc5be50951c60507d4a02147af560e4d80cb8", "size": 329010, "path": "media/images/estimation_201_664d627a37b24a21a87e.png", "format": "png", "width": 1000, "height": 1200}, "_wandb": {"runtime": 251}}