{"ch_nmse": 0.6538323163986206, "_timestamp": 1755072179.705263, "_runtime": 126.88770985603333, "_step": 100, "estimation": {"_type": "image-file", "sha256": "9c96c474c9c5b9458c0e0f2525c43df7e4410750e9e3f781672c8a86e5090383", "size": 227303, "path": "media/images/estimation_100_9c96c474c9c5b9458c0e.png", "format": "png", "width": 1000, "height": 1200}, "_wandb": {"runtime": 126}}