{"ch_nmse": 0.5969797372817993, "_timestamp": 1755072318.2097423, "_runtime": 119.04176020622253, "_step": 100, "estimation": {"_type": "image-file", "sha256": "47412906ea689287efd7afed37038720d3f87635b84888f06c7db91cb41db0fd", "size": 232905, "path": "media/images/estimation_100_47412906ea689287efd7.png", "format": "png", "width": 1000, "height": 1200}, "_wandb": {"runtime": 118}}