{"_wandb":{"runtime":20},"ch_nmse":1.7833534479141235,"_timestamp":1.755099907526577e+09,"_runtime":20.0867219,"_step":0}