{"ch_nmse": 0.08310786634683609, "_timestamp": 1754550463.3076794, "_runtime": 139.53838849067688, "_step": 100, "estimation": {"_type": "image-file", "sha256": "c647dfd2b2f6ed037a22ec2d31b8f8dab596cee7dc4e9786805bcf29d15e059c", "size": 281755, "path": "media/images/estimation_100_c647dfd2b2f6ed037a22.png", "format": "png", "width": 1000, "height": 1200}, "_wandb": {"runtime": 138}}