{"ch_nmse": 0.018683604896068573, "_timestamp": 1755146705.9522061, "_runtime": 8947.3376121521, "_step": 1229, "estimation": {"_type": "image-file", "sha256": "bff92365732a26bb1c50b08f093351e46a4cb07754101748376e2b49ff89230c", "size": 267992, "path": "media/images/estimation_1229_bff92365732a26bb1c50.png", "format": "png", "width": 1000, "height": 1200}, "_wandb": {"runtime": 8946}}