{"ch_nmse": 0.056726668030023575, "_timestamp": 1754552978.412339, "_runtime": 120.63023591041565, "_step": 100, "estimation": {"_type": "image-file", "sha256": "5e823f32ec18571ca69102d5830737caded8cacd191bfd5c553a79b415832585", "size": 302417, "path": "media/images/estimation_100_5e823f32ec18571ca691.png", "format": "png", "width": 1000, "height": 1200}, "_wandb": {"runtime": 120}}