{"ch_nmse": 0.05228116363286972, "_timestamp": 1754548105.3355446, "_runtime": 1257.4793395996094, "_step": 1009, "estimation": {"_type": "image-file", "sha256": "a7aa82c92bbe6e92abfe6f0d9cb63284b1f9826a09f87ac530e19f3d152b9388", "size": 235172, "path": "media/images/estimation_1009_a7aa82c92bbe6e92abfe.png", "format": "png", "width": 1000, "height": 1200}, "_wandb": {"runtime": 1256}}