{"ch_nmse": 0.06573425978422165, "_timestamp": 1754552822.9330685, "_runtime": 21.347376585006714, "_step": 14, "_wandb": {"runtime": 21}}