{"ch_nmse": 0.05238514393568039, "_timestamp": 1754554652.1360462, "_runtime": 3.7836532592773438, "_step": 1, "_wandb": {"runtime": 3}}