{"ch_nmse": 0.08801297843456268, "_timestamp": 1754545459.128525, "_runtime": 132.27168202400208, "_step": 100, "estimation": {"_type": "image-file", "sha256": "ceaf66f63b34fca5e4e4d8a844124fe517dc34982cb66f84aeed83008b6bc449", "size": 275593, "path": "media/images/estimation_100_ceaf66f63b34fca5e4e4.png", "format": "png", "width": 1000, "height": 1200}, "_wandb": {"runtime": 131}}