{"loss": 0.03533036261796951, "ch_nmse": 0.03533036261796951, "_timestamp": 1754544428.9162276, "_runtime": 1518.446715593338, "_step": 9370}