{"ch_nmse": 1.0867700576782227, "_timestamp": 1755149526.2963326, "_runtime": 14.825059652328491, "_step": 0}