{"ch_nmse": 0.007348650135099888, "_timestamp": 1755146665.7545314, "_runtime": 8884.67056441307, "_step": 1229, "estimation": {"_type": "image-file", "sha256": "f87a385d1bf22cb62881483cac4634a7da1ce72b2240283c7fb154b45bb71250", "size": 268374, "path": "media/images/estimation_1229_f87a385d1bf22cb62881.png", "format": "png", "width": 1000, "height": 1200}, "_wandb": {"runtime": 8883}}