{"ch_nmse": 0.08160236477851868, "_timestamp": 1754550654.3411264, "_runtime": 134.34092140197754, "_step": 100, "estimation": {"_type": "image-file", "sha256": "d34737c0954ec07370ab0686e3d96dae6ca4fa0e3e7dfbe5631b4d510c28a9d8", "size": 263469, "path": "media/images/estimation_100_d34737c0954ec07370ab.png", "format": "png", "width": 1000, "height": 1200}, "_wandb": {"runtime": 133}}