{"ch_nmse": 0.024482563138008118, "_timestamp": 1755153943.5859373, "_runtime": 151.73332023620605, "_step": 24, "estimation": {"_type": "image-file", "sha256": "bf4fc7d1ff85a54dd34cafec9485b98c59802cfff0ac30e7df47483723bdb5c3", "size": 311083, "path": "media/images/estimation_24_bf4fc7d1ff85a54dd34c.png", "format": "png", "width": 1000, "height": 1200}, "_wandb": {"runtime": 151}}