{"ch_nmse": 0.04920153692364693, "_timestamp": 1755153188.2865155, "_runtime": 1400.0561723709106, "_step": 119, "estimation": {"_type": "image-file", "sha256": "9f05cd954aa09e9f11b6b0a274378e85f693aa6d3926462dc30093e79e029dc6", "size": 241801, "path": "media/images/estimation_119_9f05cd954aa09e9f11b6.png", "format": "png", "width": 1000, "height": 1200}, "_wandb": {"runtime": 1410}}