{"ch_nmse": 0.057314690202474594, "_timestamp": 1755154321.0840755, "_runtime": 152.3114094734192, "_step": 24, "estimation": {"_type": "image-file", "sha256": "8b6d334cdc31205f0de450b76327d4f1c8038bb3b8f5f4e6eb7cc478f69685d4", "size": 331518, "path": "media/images/estimation_24_8b6d334cdc31205f0de4.png", "format": "png", "width": 1000, "height": 1200}, "_wandb": {"runtime": 151}}