{"ch_nmse": 1.8731696605682373, "_timestamp": 1755150251.3376853, "_runtime": 14.481451272964478, "_step": 0}