{"ch_nmse": 0.023770712316036224, "_timestamp": 1755154317.279579, "_runtime": 153.32973098754883, "_step": 24, "estimation": {"_type": "image-file", "sha256": "2872bfaa7247f5cca932f4f00a311049f9ef6e3b039ecdad52e462ff1040cfc2", "size": 339779, "path": "media/images/estimation_24_2872bfaa7247f5cca932.png", "format": "png", "width": 1000, "height": 1200}, "_wandb": {"runtime": 152}}